1,0.0,635
2,0.02,640
3,0.04,645
4,0.06,648
5,0.08,651
6,0.1,653
7,0.12,655
8,0.14,658
9,0.16,661
10,0.18,664
11,0.2,668
12,0.22,673
13,0.24,679
14,0.26,687
15,0.28,697
16,0.3,709
17,0.32,723
18,0.34,739
19,0.36,756
20,0.38,772
21,0.4,788
22,0.42,804
23,0.44,820
24,0.46,835
25,0.48,850
26,0.5,865
27,0.52,880
28,0.54,895
29,0.56,909
30,0.58,924
31,0.6,938
32,0.62,952
33,0.64,966
34,0.66,980
35,0.68,994
36,0.7000000000000001,1008
37,0.72,1024
38,0.74,1041
39,0.76,1059
40,0.78,1078
41,0.8,1096
42,0.8200000000000001,1115
43,0.84,1133
44,0.86,1152
45,0.88,1171
46,0.9,1190
47,0.92,1210
48,0.9400000000000001,1229
49,0.96,1248
50,0.98,1266
51,1.0,1284
52,1.02,1300
53,1.04,1316
54,1.06,1332
55,1.08,1350
56,1.1,1368
57,1.12,1388
58,1.1400000000000001,1409
59,1.16,1429
60,1.18,1449
61,1.2,1469
62,1.22,1488
63,1.24,1507
64,1.26,1527
65,1.28,1546
66,1.3,1565
67,1.32,1584
68,1.34,1603
69,1.36,1623
70,1.3800000000000001,1644
71,1.4000000000000001,1666
72,1.42,1688
73,1.44,1710
74,1.46,1729
75,1.48,1748
76,1.5,1766
77,1.52,1783
78,1.54,1801
79,1.56,1821
80,1.58,1841
81,1.6,1861
82,1.62,1880
83,1.6400000000000001,1899
84,1.6600000000000001,1917
85,1.68,1933
86,1.7,1949
87,1.72,1962
88,1.74,1974
89,1.76,1985
90,1.78,1994
91,1.8,2001
92,1.82,2009
93,1.84,2016
94,1.86,2024
95,1.8800000000000001,2031
96,1.9000000000000001,2038
97,1.92,2043
98,1.94,2046
99,1.96,2046
100,1.98,2045
101,2.0,2042
102,2.02,2036
103,2.04,2025
104,2.06,2010
105,2.08,1989
106,2.1,1963
107,2.12,1937
108,2.14,1912
109,2.16,1889
110,2.18,1869
111,2.2,1853
112,2.22,1838
113,2.24,1822
114,2.2600000000000002,1806
115,2.2800000000000002,1788
116,2.3000000000000003,1769
117,2.32,1750
118,2.34,1731
119,2.36,1713
120,2.38,1697
121,2.4,1681
122,2.42,1666
123,2.44,1649
124,2.46,1632
125,2.48,1613
126,2.5,1593
127,2.52,1572
128,2.54,1550
129,2.56,1528
130,2.58,1506
131,2.6,1484
132,2.62,1462
133,2.64,1439
134,2.66,1416
135,2.68,1392
136,2.7,1368
137,2.72,1345
138,2.74,1322
139,2.7600000000000002,1299
140,2.7800000000000002,1276
141,2.8000000000000003,1253
142,2.82,1230
143,2.84,1208
144,2.86,1189
145,2.88,1171
146,2.9,1157
147,2.92,1144
148,2.94,1132
149,2.96,1120
150,2.98,1106
151,3.0,1091
152,3.02,1077
153,3.04,1063
154,3.06,1050
155,3.08,1039
156,3.1,1030
157,3.12,1022
158,3.14,1014
159,3.16,1005
160,3.18,995
161,3.2,984
162,3.22,973
163,3.24,963
164,3.2600000000000002,953
165,3.2800000000000002,944
166,3.3000000000000003,935
167,3.3200000000000003,927
168,3.34,920
169,3.36,914
170,3.38,908
171,3.4,902
172,3.42,895
173,3.44,886
174,3.46,877
175,3.48,867
176,3.5,857
177,3.52,849
178,3.54,842
179,3.56,836
180,3.58,830
181,3.6,824
182,3.62,817
183,3.64,810
184,3.66,803
185,3.68,796
186,3.7,789
187,3.72,783
188,3.74,777
189,3.7600000000000002,771
190,3.7800000000000002,765
191,3.8000000000000003,760
192,3.8200000000000003,753
193,3.84,746
194,3.86,739
195,3.88,732
196,3.9,725
197,3.92,717
198,3.94,710
199,3.96,703
200,3.98,696
201,4.0,689
202,4.0200000000000005,682
203,4.04,674
204,4.0600000000000005,665
205,4.08,657
206,4.1,650
207,4.12,642
208,4.14,636
209,4.16,630
210,4.18,624
211,4.2,618
212,4.22,611
213,4.24,604
214,4.26,597
215,4.28,590
216,4.3,585
217,4.32,580
218,4.34,575
219,4.36,571
220,4.38,566
221,4.4,561
222,4.42,555
223,4.44,550
224,4.46,544
225,4.48,539
226,4.5,534
227,4.5200000000000005,529
228,4.54,524
229,4.5600000000000005,518
230,4.58,513
231,4.6000000000000005,507
232,4.62,502
233,4.64,497
234,4.66,492
235,4.68,488
236,4.7,483
237,4.72,479
238,4.74,475
239,4.76,471
240,4.78,468
241,4.8,465
242,4.82,461
243,4.84,458
244,4.86,455
245,4.88,452
246,4.9,449
247,4.92,447
248,4.94,444
249,4.96,442
250,4.98,438
251,5.0,435
252,5.0200000000000005,430
253,5.04,426
254,5.0600000000000005,423
255,5.08,420
256,5.1000000000000005,418
257,5.12,417
258,5.14,415
259,5.16,414
260,5.18,413
261,5.2,411
262,5.22,410
263,5.24,409
264,5.26,408
265,5.28,408
266,5.3,408
267,5.32,408
268,5.34,408
269,5.36,409
270,5.38,410
271,5.4,412
272,5.42,414
273,5.44,416
274,5.46,418
275,5.48,420
276,5.5,424
277,5.5200000000000005,427
278,5.54,431
279,5.5600000000000005,434
280,5.58,438
281,5.6000000000000005,441
282,5.62,444
283,5.64,447
284,5.66,450
285,5.68,453
286,5.7,456
287,5.72,459
288,5.74,461
289,5.76,463
290,5.78,465
291,5.8,467
292,5.82,470
293,5.84,473
294,5.86,477
295,5.88,482
296,5.9,487
297,5.92,492
298,5.94,498
299,5.96,504
300,5.98,511
301,6.0,518
302,6.0200000000000005,526
303,6.04,534
304,6.0600000000000005,542
305,6.08,551
306,6.1000000000000005,560
307,6.12,569
308,6.140000000000001,576
309,6.16,583
310,6.18,590
311,6.2,597
312,6.22,604
313,6.24,611
314,6.26,619
315,6.28,627
316,6.3,635
317,6.32,643
318,6.34,650
319,6.36,658
320,6.38,664
321,6.4,670
322,6.42,675
323,6.44,680
324,6.46,685
325,6.48,690
326,6.5,695
327,6.5200000000000005,700
328,6.54,706
329,6.5600000000000005,711
330,6.58,717
331,6.6000000000000005,724
332,6.62,731
333,6.640000000000001,738
334,6.66,746
335,6.68,754
336,6.7,762
337,6.72,771
338,6.74,779
339,6.76,786
340,6.78,793
341,6.8,800
342,6.82,807
343,6.84,812
344,6.86,817
345,6.88,822
346,6.9,826
347,6.92,831
348,6.94,837
349,6.96,844
350,6.98,851
351,7.0,857
352,7.0200000000000005,862
353,7.04,866
354,7.0600000000000005,869
355,7.08,873
356,7.1000000000000005,877
357,7.12,883
358,7.140000000000001,889
359,7.16,896
360,7.18,904
361,7.2,912
362,7.22,920
363,7.24,928
364,7.26,936
365,7.28,944
366,7.3,952
367,7.32,960
368,7.34,969
369,7.36,979
370,7.38,989
371,7.4,999
372,7.42,1010
373,7.44,1020
374,7.46,1031
375,7.48,1041
376,7.5,1050
377,7.5200000000000005,1059
378,7.54,1068
379,7.5600000000000005,1077
380,7.58,1086
381,7.6000000000000005,1096
382,7.62,1107
383,7.640000000000001,1118
384,7.66,1130
385,7.68,1141
386,7.7,1152
387,7.72,1164
388,7.74,1174
389,7.76,1185
390,7.78,1196
391,7.8,1208
392,7.82,1219
393,7.84,1230
394,7.86,1242
395,7.88,1253
396,7.9,1265
397,7.92,1278
398,7.94,1291
399,7.96,1304
400,7.98,1318
401,8.0,1332
402,8.02,1345
403,8.040000000000001,1360
404,8.06,1374
405,8.08,1390
406,8.1,1407
407,8.120000000000001,1424
408,8.14,1442
409,8.16,1460
410,8.18,1476
411,8.2,1491
412,8.22,1506
413,8.24,1521
414,8.26,1538
415,8.28,1555
416,8.3,1572
417,8.32,1588
418,8.34,1603
419,8.36,1616
420,8.38,1628
421,8.4,1639
422,8.42,1649
423,8.44,1659
424,8.46,1668
425,8.48,1676
426,8.5,1682
427,8.52,1689
428,8.540000000000001,1695
429,8.56,1702
430,8.58,1710
431,8.6,1716
432,8.620000000000001,1722
433,8.64,1726
434,8.66,1730
435,8.68,1734
436,8.700000000000001,1739
437,8.72,1746
438,8.74,1752
439,8.76,1756
440,8.78,1759
441,8.8,1759
442,8.82,1756
443,8.84,1749
444,8.86,1738
445,8.88,1725
446,8.9,1712
447,8.92,1699
448,8.94,1687
449,8.96,1676
450,8.98,1664
451,9.0,1650
452,9.02,1634
453,9.040000000000001,1617
454,9.06,1600
455,9.08,1582
456,9.1,1566
457,9.120000000000001,1549
458,9.14,1531
459,9.16,1514
460,9.18,1495
461,9.200000000000001,1477
462,9.22,1457
463,9.24,1439
464,9.26,1420
465,9.28,1402
466,9.3,1383
467,9.32,1364
468,9.34,1344
469,9.36,1324
470,9.38,1305
471,9.4,1288
472,9.42,1273
473,9.44,1260
474,9.46,1247
475,9.48,1235
476,9.5,1222
477,9.52,1207
478,9.540000000000001,1192
479,9.56,1177
480,9.58,1165
481,9.6,1154
482,9.620000000000001,1146
483,9.64,1137
484,9.66,1129
485,9.68,1120
486,9.700000000000001,1112
487,9.72,1104
488,9.74,1097
489,9.76,1090
490,9.78,1083
491,9.8,1074
492,9.82,1066
493,9.84,1058
494,9.86,1050
495,9.88,1042
496,9.9,1034
497,9.92,1025
498,9.94,1016
499,9.96,1007
500,9.98,997
501,10.0,988
502,10.02,980
503,10.040000000000001,973
504,10.06,966
505,10.08,960
506,10.1,953
507,10.120000000000001,948
508,10.14,941
509,10.16,934
510,10.18,926
511,10.200000000000001,918
512,10.22,910
513,10.24,902
514,10.26,895
515,10.28,889
516,10.3,883
517,10.32,878
518,10.34,873
519,10.36,868
520,10.38,864
521,10.4,860
522,10.42,857
523,10.44,854
524,10.46,850
525,10.48,845
526,10.5,839
527,10.52,831
528,10.540000000000001,824
529,10.56,817
530,10.58,810
531,10.6,803
532,10.620000000000001,798
533,10.64,792
534,10.66,786
535,10.68,779
536,10.700000000000001,772
537,10.72,763
538,10.74,755
539,10.76,748
540,10.78,740
541,10.8,733
542,10.82,726
543,10.84,719
544,10.86,712
545,10.88,704
546,10.9,696
547,10.92,688
548,10.94,680
549,10.96,671
550,10.98,662
551,11.0,653
552,11.02,645
553,11.040000000000001,637
554,11.06,629
555,11.08,620
556,11.1,612
557,11.120000000000001,603
558,11.14,594
559,11.16,586
560,11.18,578
561,11.200000000000001,571
562,11.22,564
563,11.24,558
564,11.26,553
565,11.28,548
566,11.3,543
567,11.32,538
568,11.34,534
569,11.36,529
570,11.38,525
571,11.4,520
572,11.42,515
573,11.44,510
574,11.46,505
575,11.48,499
576,11.5,493
577,11.52,488
578,11.540000000000001,483
579,11.56,479
580,11.58,475
581,11.6,471
582,11.620000000000001,467
583,11.64,463
584,11.66,460
585,11.68,456
586,11.700000000000001,453
587,11.72,450
588,11.74,448
589,11.76,446
590,11.78,444
591,11.8,441
592,11.82,439
593,11.84,437
594,11.86,436
595,11.88,434
596,11.9,434
597,11.92,432
598,11.94,431
599,11.96,430
600,11.98,428
601,12.0,427
602,12.02,426
603,12.040000000000001,425
604,12.06,423
605,12.08,422
606,12.1,422
607,12.120000000000001,421
608,12.14,421
609,12.16,421
610,12.18,421
611,12.200000000000001,421
612,12.22,421
613,12.24,420
614,12.26,419
615,12.280000000000001,418
616,12.3,418
617,12.32,418
618,12.34,419
619,12.36,419
620,12.38,420
621,12.4,422
622,12.42,423
623,12.44,425
624,12.46,426
625,12.48,427
626,12.5,428
627,12.52,429
628,12.540000000000001,431
629,12.56,432
630,12.58,434
631,12.6,436
632,12.620000000000001,438
633,12.64,440
634,12.66,442
635,12.68,444
636,12.700000000000001,446
637,12.72,448
638,12.74,451
639,12.76,454
640,12.780000000000001,458
641,12.8,462
642,12.82,466
643,12.84,471
644,12.86,476
645,12.88,482
646,12.9,488
647,12.92,494
648,12.94,500
649,12.96,506
650,12.98,512
651,13.0,518
652,13.02,524
653,13.040000000000001,530
654,13.06,537
655,13.08,544
656,13.1,554
657,13.120000000000001,566
658,13.14,578
659,13.16,589
660,13.18,598
661,13.200000000000001,605
662,13.22,609
663,13.24,613
664,13.26,619
665,13.280000000000001,627
666,13.3,637
667,13.32,648
668,13.34,658
669,13.36,667
670,13.38,675
671,13.4,682
672,13.42,689
673,13.44,696
674,13.46,705
675,13.48,714
676,13.5,724
677,13.52,732
678,13.540000000000001,738
679,13.56,742
680,13.58,745
681,13.6,747
682,13.620000000000001,750
683,13.64,755
684,13.66,762
685,13.68,771
686,13.700000000000001,781
687,13.72,791
688,13.74,801
689,13.76,811
690,13.780000000000001,820
691,13.8,829
692,13.82,838
693,13.84,847
694,13.86,856
695,13.88,865
696,13.9,874
697,13.92,884
698,13.94,894
699,13.96,905
700,13.98,916
701,14.0,928
702,14.02,938
703,14.040000000000001,948
704,14.06,957
705,14.08,967
706,14.1,977
707,14.120000000000001,988
708,14.14,999
709,14.16,1010
710,14.18,1021
711,14.200000000000001,1032
712,14.22,1042
713,14.24,1052
714,14.26,1062
715,14.280000000000001,1072
716,14.3,1082
717,14.32,1092
718,14.34,1103
719,14.36,1113
720,14.38,1124
721,14.4,1134
722,14.42,1144
723,14.44,1154
724,14.46,1163
725,14.48,1172
726,14.5,1182
727,14.52,1192
728,14.540000000000001,1201
729,14.56,1211
730,14.58,1221
731,14.6,1231
732,14.620000000000001,1241
733,14.64,1251
734,14.66,1262
735,14.68,1272
736,14.700000000000001,1283
737,14.72,1295
738,14.74,1306
739,14.76,1316
740,14.780000000000001,1326
741,14.8,1337
742,14.82,1348
743,14.84,1359
744,14.86,1371
745,14.88,1383
746,14.9,1395
747,14.92,1406
748,14.94,1416
749,14.96,1426
750,14.98,1435
751,15.0,1443
752,15.02,1451
753,15.040000000000001,1460
754,15.06,1469
755,15.08,1477
756,15.1,1486
757,15.120000000000001,1495
758,15.14,1504
759,15.16,1513
760,15.18,1523
761,15.200000000000001,1534
762,15.22,1546
763,15.24,1559
764,15.26,1572
765,15.280000000000001,1587
766,15.3,1602
767,15.32,1618
768,15.34,1633
769,15.36,1650
770,15.38,1668
771,15.4,1686
772,15.42,1704
773,15.44,1721
774,15.46,1739
775,15.48,1758
776,15.5,1776
777,15.52,1795
778,15.540000000000001,1815
779,15.56,1834
780,15.58,1854
781,15.6,1873
782,15.620000000000001,1892
783,15.64,1911
784,15.66,1927
785,15.68,1942
786,15.700000000000001,1956
787,15.72,1971
788,15.74,1984
789,15.76,1997
790,15.780000000000001,2010
791,15.8,2021
792,15.82,2033
793,15.84,2043
794,15.860000000000001,2053
795,15.88,2061
796,15.9,2067
797,15.92,2069
798,15.94,2069
799,15.96,2061
800,15.98,2046
801,16.0,2024
802,16.02,1995
803,16.04,1963
804,16.06,1930
805,16.080000000000002,1902
806,16.1,1877
807,16.12,1853
808,16.14,1829
809,16.16,1805
810,16.18,1779
811,16.2,1752
812,16.22,1727
813,16.240000000000002,1705
814,16.26,1685
815,16.28,1666
816,16.3,1647
817,16.32,1628
818,16.34,1609
819,16.36,1589
820,16.38,1571
821,16.4,1555
822,16.42,1539
823,16.44,1524
824,16.46,1509
825,16.48,1495
826,16.5,1480
827,16.52,1465
828,16.54,1449
829,16.56,1433
830,16.580000000000002,1416
831,16.6,1400
832,16.62,1386
833,16.64,1373
834,16.66,1360
835,16.68,1345
836,16.7,1329
837,16.72,1313
838,16.740000000000002,1296
839,16.76,1281
840,16.78,1268
841,16.8,1257
842,16.82,1245
843,16.84,1233
844,16.86,1220
845,16.88,1207
846,16.9,1196
847,16.92,1185
848,16.94,1175
849,16.96,1165
850,16.98,1156
851,17.0,1147
852,17.02,1138
853,17.04,1129
854,17.06,1120
855,17.080000000000002,1111
856,17.1,1103
857,17.12,1094
858,17.14,1085
859,17.16,1077
860,17.18,1069
861,17.2,1062
862,17.22,1055
863,17.240000000000002,1048
864,17.26,1040
865,17.28,1032
866,17.3,1023
867,17.32,1014
868,17.34,1006
869,17.36,1000
870,17.38,994
871,17.400000000000002,988
872,17.42,981
873,17.44,975
874,17.46,968
875,17.48,963
876,17.5,957
877,17.52,952
878,17.54,946
879,17.56,940
880,17.580000000000002,933
881,17.6,927
882,17.62,922
883,17.64,917
884,17.66,913
885,17.68,909
886,17.7,904
887,17.72,899
888,17.740000000000002,893
889,17.76,888
890,17.78,882
891,17.8,877
892,17.82,871
893,17.84,866
894,17.86,860
895,17.88,855
896,17.900000000000002,850
897,17.92,846
898,17.94,843
899,17.96,840
900,17.98,836
901,18.0,830
902,18.02,823
903,18.04,815
904,18.06,807
905,18.080000000000002,800
906,18.1,794
907,18.12,790
908,18.14,786
909,18.16,782
910,18.18,779
911,18.2,776
912,18.22,772
913,18.240000000000002,768
914,18.26,764
915,18.28,759
916,18.3,753
917,18.32,746
918,18.34,740
919,18.36,734
920,18.38,728
921,18.400000000000002,723
922,18.42,718
923,18.44,713
924,18.46,708
925,18.48,704
926,18.5,699
927,18.52,694
928,18.54,688
929,18.56,683
930,18.580000000000002,678
931,18.6,673
932,18.62,669
933,18.64,664
934,18.66,660
935,18.68,655
936,18.7,650
937,18.72,645
938,18.740000000000002,640
939,18.76,634
940,18.78,628
941,18.8,621
942,18.82,614
943,18.84,607
944,18.86,600
945,18.88,594
946,18.900000000000002,587
947,18.92,581
948,18.94,575
949,18.96,569
950,18.98,563
951,19.0,557
952,19.02,552
953,19.04,547
954,19.06,542
955,19.080000000000002,537
956,19.1,532
957,19.12,528
958,19.14,524
959,19.16,520
960,19.18,517
961,19.2,515
962,19.22,512
963,19.240000000000002,509
964,19.26,506
965,19.28,504
966,19.3,501
967,19.32,499
968,19.34,497
969,19.36,495
970,19.38,494
971,19.400000000000002,493
972,19.42,492
973,19.44,491
974,19.46,490
975,19.48,490
976,19.5,490
977,19.52,489
978,19.54,486
979,19.56,483
980,19.580000000000002,479
981,19.6,475
982,19.62,470
983,19.64,465
984,19.66,461
985,19.68,458
986,19.7,455
987,19.72,453
988,19.740000000000002,451
989,19.76,450
990,19.78,449
991,19.8,449
992,19.82,448
993,19.84,447
994,19.86,447
995,19.88,447
996,19.900000000000002,448
997,19.92,449
998,19.94,451
999,19.96,453
1000,19.98,455
1001,20.0,457
1002,20.02,460
1003,20.04,462
1004,20.06,465
1005,20.080000000000002,468
1006,20.1,472
1007,20.12,475
1008,20.14,479
1009,20.16,482
1010,20.18,485
1011,20.2,489
1012,20.22,493
1013,20.240000000000002,497
1014,20.26,501
1015,20.28,505
1016,20.3,508
1017,20.32,511
1018,20.34,514
1019,20.36,517
1020,20.38,519
1021,20.400000000000002,523
1022,20.42,527
1023,20.44,532
1024,20.46,537
1025,20.48,543
1026,20.5,549
1027,20.52,555
1028,20.54,562
1029,20.56,569
1030,20.580000000000002,576
1031,20.6,583
1032,20.62,590
1033,20.64,597
1034,20.66,604
1035,20.68,611
1036,20.7,618
1037,20.72,626
1038,20.740000000000002,633
1039,20.76,641
1040,20.78,648
1041,20.8,654
1042,20.82,661
1043,20.84,667
1044,20.86,675
1045,20.88,683
1046,20.900000000000002,691
1047,20.92,699
1048,20.94,707
1049,20.96,714
1050,20.98,721
1051,21.0,728
1052,21.02,734
1053,21.04,740
1054,21.06,746
1055,21.080000000000002,752
1056,21.1,757
1057,21.12,763
1058,21.14,768
1059,21.16,775
1060,21.18,782
1061,21.2,790
1062,21.22,798
1063,21.240000000000002,806
1064,21.26,814
1065,21.28,821
1066,21.3,829
1067,21.32,837
1068,21.34,846
1069,21.36,854
1070,21.38,863
1071,21.400000000000002,872
1072,21.42,881
1073,21.44,890
1074,21.46,898
1075,21.48,905
1076,21.5,912
1077,21.52,919
1078,21.54,926
1079,21.56,933
1080,21.580000000000002,940
1081,21.6,948
1082,21.62,955
1083,21.64,961
1084,21.66,968
1085,21.68,975
1086,21.7,982
1087,21.72,989
1088,21.740000000000002,997
1089,21.76,1005
1090,21.78,1013
1091,21.8,1020
1092,21.82,1026
1093,21.84,1033
1094,21.86,1039
1095,21.88,1046
1096,21.900000000000002,1055
1097,21.92,1064
1098,21.94,1073
1099,21.96,1082
1100,21.98,1091
1101,22.0,1101
1102,22.02,1110
1103,22.04,1121
1104,22.06,1132
1105,22.080000000000002,1144
1106,22.1,1156
1107,22.12,1167
1108,22.14,1179
1109,22.16,1190
1110,22.18,1200
1111,22.2,1209
1112,22.22,1218
1113,22.240000000000002,1226
1114,22.26,1233
1115,22.28,1241
1116,22.3,1248
1117,22.32,1255
1118,22.34,1262
1119,22.36,1269
1120,22.38,1276
1121,22.400000000000002,1282
1122,22.42,1289
1123,22.44,1295
1124,22.46,1302
1125,22.48,1310
1126,22.5,1318
1127,22.52,1326
1128,22.54,1334
1129,22.56,1342
1130,22.580000000000002,1349
1131,22.6,1355
1132,22.62,1362
1133,22.64,1369
1134,22.66,1376
1135,22.68,1383
1136,22.7,1392
1137,22.72,1402
1138,22.740000000000002,1413
1139,22.76,1425
1140,22.78,1437
1141,22.8,1449
1142,22.82,1461
1143,22.84,1474
1144,22.86,1486
1145,22.88,1499
1146,22.900000000000002,1512
1147,22.92,1526
1148,22.94,1540
1149,22.96,1553
1150,22.98,1564
1151,23.0,1571
1152,23.02,1577
1153,23.04,1581
1154,23.06,1587
1155,23.080000000000002,1593
1156,23.1,1601
1157,23.12,1610
1158,23.14,1618
1159,23.16,1624
1160,23.18,1627
1161,23.2,1627
1162,23.22,1627
1163,23.240000000000002,1626
1164,23.26,1626
1165,23.28,1625
1166,23.3,1623
1167,23.32,1616
1168,23.34,1607
1169,23.36,1596
1170,23.38,1585
1171,23.400000000000002,1574
1172,23.42,1565
1173,23.44,1555
1174,23.46,1544
1175,23.48,1533
1176,23.5,1521
1177,23.52,1508
1178,23.54,1495
1179,23.56,1482
1180,23.580000000000002,1469
1181,23.6,1456
1182,23.62,1442
1183,23.64,1427
1184,23.66,1412
1185,23.68,1398
1186,23.7,1383
1187,23.72,1368
1188,23.740000000000002,1355
1189,23.76,1340
1190,23.78,1325
1191,23.8,1309
1192,23.82,1294
1193,23.84,1279
1194,23.86,1265
1195,23.88,1252
1196,23.900000000000002,1239
1197,23.92,1225
1198,23.94,1210
1199,23.96,1195
1200,23.98,1179
1201,24.0,1163
1202,24.02,1149
1203,24.04,1136
1204,24.060000000000002,1124
1205,24.080000000000002,1112
1206,24.1,1102
1207,24.12,1091
1208,24.14,1081
1209,24.16,1070
1210,24.18,1059
1211,24.2,1049
1212,24.22,1040
1213,24.240000000000002,1032
1214,24.26,1024
1215,24.28,1016
1216,24.3,1009
1217,24.32,1001
1218,24.34,993
1219,24.36,986
1220,24.38,979
1221,24.400000000000002,972
1222,24.42,965
1223,24.44,957
1224,24.46,950
1225,24.48,943
1226,24.5,936
1227,24.52,931
1228,24.54,926
1229,24.560000000000002,921
1230,24.580000000000002,916
1231,24.6,909
1232,24.62,903
1233,24.64,896
1234,24.66,889
1235,24.68,882
1236,24.7,878
1237,24.72,874
1238,24.740000000000002,872
1239,24.76,869
1240,24.78,867
1241,24.8,865
1242,24.82,862
1243,24.84,858
1244,24.86,854
1245,24.88,848
1246,24.900000000000002,843
1247,24.92,839
1248,24.94,834
1249,24.96,831
1250,24.98,828
1251,25.0,825
1252,25.02,821
1253,25.04,817
1254,25.060000000000002,812
1255,25.080000000000002,808
1256,25.1,804
1257,25.12,800
1258,25.14,797
1259,25.16,793
1260,25.18,789
1261,25.2,785
1262,25.22,781
1263,25.240000000000002,777
1264,25.26,774
1265,25.28,771
1266,25.3,769
1267,25.32,767
1268,25.34,764
1269,25.36,761
1270,25.38,757
1271,25.400000000000002,754
1272,25.42,750
1273,25.44,747
1274,25.46,745
1275,25.48,743
1276,25.5,741
1277,25.52,739
1278,25.54,737
1279,25.560000000000002,735
1280,25.580000000000002,733
1281,25.6,730
1282,25.62,727
1283,25.64,723
1284,25.66,720
1285,25.68,717
1286,25.7,714
1287,25.72,711
1288,25.740000000000002,708
1289,25.76,705
1290,25.78,703
1291,25.8,701
1292,25.82,700
1293,25.84,699
1294,25.86,698
1295,25.88,697
1296,25.900000000000002,695
1297,25.92,693
1298,25.94,689
1299,25.96,685
1300,25.98,681
1301,26.0,677
1302,26.02,673
1303,26.04,669
1304,26.060000000000002,666
1305,26.080000000000002,662
1306,26.1,658
1307,26.12,653
1308,26.14,649
1309,26.16,644
1310,26.18,639
1311,26.2,635
1312,26.22,630
1313,26.240000000000002,625
1314,26.26,619
1315,26.28,614
1316,26.3,609
1317,26.32,604
1318,26.34,600
1319,26.36,595
1320,26.38,590
1321,26.400000000000002,586
1322,26.42,582
1323,26.44,579
1324,26.46,576
1325,26.48,573
1326,26.5,570
1327,26.52,567
1328,26.54,564
1329,26.560000000000002,562
1330,26.580000000000002,559
1331,26.6,557
1332,26.62,555
1333,26.64,553
1334,26.66,551
1335,26.68,550
1336,26.7,549
1337,26.72,548
1338,26.740000000000002,547
1339,26.76,546
1340,26.78,546
1341,26.8,546
1342,26.82,546
1343,26.84,546
1344,26.86,545
1345,26.88,543
1346,26.900000000000002,542
1347,26.92,540
1348,26.94,539
1349,26.96,539
1350,26.98,540
1351,27.0,542
1352,27.02,546
1353,27.04,549
1354,27.060000000000002,553
1355,27.080000000000002,557
1356,27.1,560
1357,27.12,562
1358,27.14,564
1359,27.16,567
1360,27.18,570
1361,27.2,573
1362,27.22,577
1363,27.240000000000002,581
1364,27.26,584
1365,27.28,586
1366,27.3,588
1367,27.32,591
1368,27.34,595
1369,27.36,600
1370,27.38,606
1371,27.400000000000002,613
1372,27.42,620
1373,27.44,627
1374,27.46,634
1375,27.48,641
1376,27.5,648
1377,27.52,655
1378,27.54,662
1379,27.560000000000002,669
1380,27.580000000000002,677
1381,27.6,686
1382,27.62,694
1383,27.64,702
1384,27.66,709
1385,27.68,716
1386,27.7,721
1387,27.72,727
1388,27.740000000000002,733
1389,27.76,739
1390,27.78,745
1391,27.8,751
1392,27.82,757
1393,27.84,763
1394,27.86,768
1395,27.88,774
1396,27.900000000000002,780
1397,27.92,786
1398,27.94,792
1399,27.96,799
1400,27.98,807
1401,28.0,815
1402,28.02,823
1403,28.04,832
1404,28.060000000000002,841
1405,28.080000000000002,850
1406,28.1,858
1407,28.12,866
1408,28.14,874
1409,28.16,881
1410,28.18,888
1411,28.2,895
1412,28.22,902
1413,28.240000000000002,909
1414,28.26,916
1415,28.28,924
1416,28.3,932
1417,28.32,939
1418,28.34,946
1419,28.36,954
1420,28.38,962
1421,28.400000000000002,969
1422,28.42,977
1423,28.44,985
1424,28.46,993
1425,28.48,1000
1426,28.5,1008
1427,28.52,1016
1428,28.54,1024
1429,28.560000000000002,1033
1430,28.580000000000002,1043
1431,28.6,1055
1432,28.62,1066
1433,28.64,1076
1434,28.66,1087
1435,28.68,1097
1436,28.7,1106
1437,28.72,1114
1438,28.740000000000002,1123
1439,28.76,1131
1440,28.78,1140
1441,28.8,1148
1442,28.82,1158
1443,28.84,1168
1444,28.86,1178
1445,28.88,1188
1446,28.900000000000002,1198
1447,28.92,1209
1448,28.94,1220
1449,28.96,1231
1450,28.98,1242
1451,29.0,1253
1452,29.02,1265
1453,29.04,1277
1454,29.060000000000002,1289
1455,29.080000000000002,1300
1456,29.1,1311
1457,29.12,1322
1458,29.14,1333
1459,29.16,1345
1460,29.18,1357
1461,29.2,1369
1462,29.22,1381
1463,29.240000000000002,1395
1464,29.26,1409
1465,29.28,1423
1466,29.3,1437
1467,29.32,1450
1468,29.34,1462
1469,29.36,1475
1470,29.38,1489
1471,29.400000000000002,1504
1472,29.42,1520
1473,29.44,1536
1474,29.46,1552
1475,29.48,1566
1476,29.5,1578
1477,29.52,1590
1478,29.54,1600
1479,29.560000000000002,1611
1480,29.580000000000002,1621
1481,29.6,1631
1482,29.62,1640
1483,29.64,1648
1484,29.66,1654
1485,29.68,1658
1486,29.7,1660
1487,29.72,1662
1488,29.740000000000002,1662
1489,29.76,1664
1490,29.78,1666
1491,29.8,1669
1492,29.82,1672
1493,29.84,1674
1494,29.86,1674
1495,29.88,1670
1496,29.900000000000002,1664
1497,29.92,1657
1498,29.94,1650
1499,29.96,1640
1500,29.98,1627
1501,30.0,1612
1502,30.02,1596
1503,30.04,1579
1504,30.060000000000002,1564
1505,30.080000000000002,1550
1506,30.1,1537
1507,30.12,1524
1508,30.14,1509
1509,30.16,1493
1510,30.18,1478
1511,30.2,1465
1512,30.22,1451
1513,30.240000000000002,1438
1514,30.26,1426
1515,30.28,1412
1516,30.3,1398
1517,30.32,1384
1518,30.34,1370
1519,30.36,1355
1520,30.38,1341
1521,30.400000000000002,1327
1522,30.42,1311
1523,30.44,1293
1524,30.46,1274
1525,30.48,1255
1526,30.5,1235
1527,30.52,1216
1528,30.54,1199
1529,30.560000000000002,1183
1530,30.580000000000002,1168
1531,30.6,1153
1532,30.62,1138
1533,30.64,1123
1534,30.66,1108
1535,30.68,1093
1536,30.7,1078
1537,30.72,1064
1538,30.740000000000002,1051
1539,30.76,1039
1540,30.78,1028
1541,30.8,1018
1542,30.82,1008
1543,30.84,999
1544,30.86,989
1545,30.88,979
1546,30.900000000000002,969
1547,30.92,959
1548,30.94,949
1549,30.96,940
1550,30.98,931
1551,31.0,923
1552,31.02,915
1553,31.04,908
1554,31.060000000000002,900
1555,31.080000000000002,892
1556,31.1,883
1557,31.12,874
1558,31.14,865
1559,31.16,857
1560,31.18,850
1561,31.2,844
1562,31.220000000000002,839
1563,31.240000000000002,834
1564,31.26,828
1565,31.28,823
1566,31.3,818
1567,31.32,812
1568,31.34,807
1569,31.36,801
1570,31.38,795
1571,31.400000000000002,790
1572,31.42,785
1573,31.44,781
1574,31.46,777
1575,31.48,772
1576,31.5,768
1577,31.52,762
1578,31.54,757
1579,31.560000000000002,752
1580,31.580000000000002,747
1581,31.6,743
1582,31.62,738
1583,31.64,734
1584,31.66,730
1585,31.68,727
1586,31.7,724
1587,31.720000000000002,721
1588,31.740000000000002,719
1589,31.76,717
1590,31.78,714
1591,31.8,710
1592,31.82,706
1593,31.84,701
1594,31.86,695
1595,31.88,691
1596,31.900000000000002,688
1597,31.92,686
1598,31.94,685
1599,31.96,683
1600,31.98,681
1601,32.0,679
1602,32.02,676
1603,32.04,672
1604,32.06,669
1605,32.08,666
1606,32.1,662
1607,32.12,659
1608,32.14,656
1609,32.160000000000004,654
1610,32.18,651
1611,32.2,648
1612,32.22,645
1613,32.24,642
1614,32.26,638
1615,32.28,634
1616,32.3,630
1617,32.32,625
1618,32.34,621
1619,32.36,616
1620,32.38,612
1621,32.4,608
1622,32.42,604
1623,32.44,601
1624,32.46,597
1625,32.480000000000004,594
1626,32.5,592
1627,32.52,589
1628,32.54,586
1629,32.56,582
1630,32.58,578
1631,32.6,574
1632,32.62,570
1633,32.64,568
1634,32.660000000000004,565
1635,32.68,563
1636,32.7,562
1637,32.72,562
1638,32.74,561
1639,32.76,559
1640,32.78,558
1641,32.8,556
1642,32.82,554
1643,32.84,552
1644,32.86,551
1645,32.88,550
1646,32.9,549
1647,32.92,548
1648,32.94,547
1649,32.96,545
1650,32.980000000000004,544
1651,33.0,542
1652,33.02,541
1653,33.04,540
1654,33.06,539
1655,33.08,538
1656,33.1,536
1657,33.12,535
1658,33.14,533
1659,33.160000000000004,531
1660,33.18,530
1661,33.2,528
1662,33.22,527
1663,33.24,527
1664,33.26,527
1665,33.28,526
1666,33.3,525
1667,33.32,523
1668,33.34,521
1669,33.36,520
1670,33.38,520
1671,33.4,520
1672,33.42,521
1673,33.44,522
1674,33.46,524
1675,33.480000000000004,526
1676,33.5,528
1677,33.52,529
1678,33.54,529
1679,33.56,530
1680,33.58,530
1681,33.6,531
1682,33.62,531
1683,33.64,533
1684,33.660000000000004,535
1685,33.68,537
1686,33.7,539
1687,33.72,541
1688,33.74,544
1689,33.76,547
1690,33.78,549
1691,33.8,552
1692,33.82,556
1693,33.84,559
1694,33.86,563
1695,33.88,567
1696,33.9,571
1697,33.92,576
1698,33.94,580
1699,33.96,585
1700,33.980000000000004,590
1701,34.0,595
1702,34.02,599
1703,34.04,603
1704,34.06,606
1705,34.08,609
1706,34.1,612
1707,34.12,616
1708,34.14,621
1709,34.160000000000004,627
1710,34.18,634
1711,34.2,641
1712,34.22,649
1713,34.24,657
1714,34.26,665
1715,34.28,672
1716,34.300000000000004,679
1717,34.32,686
1718,34.34,693
1719,34.36,699
1720,34.38,706
1721,34.4,713
1722,34.42,719
1723,34.44,726
1724,34.46,733
1725,34.480000000000004,739
1726,34.5,746
1727,34.52,754
1728,34.54,761
1729,34.56,768
1730,34.58,776
1731,34.6,784
1732,34.62,793
1733,34.64,802
1734,34.660000000000004,812
1735,34.68,823
1736,34.7,832
1737,34.72,841
1738,34.74,848
1739,34.76,853
1740,34.78,858
1741,34.800000000000004,862
1742,34.82,866
1743,34.84,871
1744,34.86,877
1745,34.88,883
1746,34.9,890
1747,34.92,897
1748,34.94,904
1749,34.96,912
1750,34.980000000000004,920
1751,35.0,928
1752,35.02,936
1753,35.04,944
1754,35.06,951
1755,35.08,960
1756,35.1,969
1757,35.12,979
1758,35.14,989
1759,35.160000000000004,999
1760,35.18,1008
1761,35.2,1016
1762,35.22,1025
1763,35.24,1033
1764,35.26,1042
1765,35.28,1051
1766,35.300000000000004,1061
1767,35.32,1071
1768,35.34,1082
1769,35.36,1094
1770,35.38,1106
1771,35.4,1118
1772,35.42,1132
1773,35.44,1146
1774,35.46,1160
1775,35.480000000000004,1174
1776,35.5,1187
1777,35.52,1199
1778,35.54,1211
1779,35.56,1223
1780,35.58,1236
1781,35.6,1248
1782,35.62,1260
1783,35.64,1272
1784,35.660000000000004,1283
1785,35.68,1293
1786,35.7,1303
1787,35.72,1312
1788,35.74,1321
1789,35.76,1330
1790,35.78,1338
1791,35.800000000000004,1346
1792,35.82,1353
1793,35.84,1360
1794,35.86,1368
1795,35.88,1378
1796,35.9,1387
1797,35.92,1398
1798,35.94,1409
1799,35.96,1419
1800,35.980000000000004,1429
1801,36.0,1437
1802,36.02,1447
1803,36.04,1456
1804,36.06,1465
1805,36.08,1475
1806,36.1,1484
1807,36.12,1493
1808,36.14,1502
1809,36.160000000000004,1513
1810,36.18,1524
1811,36.2,1535
1812,36.22,1545
1813,36.24,1554
1814,36.26,1561
1815,36.28,1567
1816,36.300000000000004,1574
1817,36.32,1582
1818,36.34,1591
1819,36.36,1602
1820,36.38,1615
1821,36.4,1631
1822,36.42,1649
1823,36.44,1668
1824,36.46,1689
1825,36.480000000000004,1709
1826,36.5,1729
1827,36.52,1746
1828,36.54,1761
1829,36.56,1774
1830,36.58,1787
1831,36.6,1801
1832,36.62,1817
1833,36.64,1835
1834,36.660000000000004,1853
1835,36.68,1869
1836,36.7,1884
1837,36.72,1899
1838,36.74,1913
1839,36.76,1929
1840,36.78,1945
1841,36.800000000000004,1962
1842,36.82,1979
1843,36.84,1995
1844,36.86,2010
1845,36.88,2023
1846,36.9,2034
1847,36.92,2043
1848,36.94,2051
1849,36.96,2056
1850,36.980000000000004,2063
1851,37.0,2070
1852,37.02,2076
1853,37.04,2080
1854,37.06,2085
1855,37.08,2088
1856,37.1,2089
1857,37.12,2091
1858,37.14,2093
1859,37.160000000000004,2094
1860,37.18,2095
1861,37.2,2096
1862,37.22,2098
1863,37.24,2099
1864,37.26,2100
1865,37.28,2103
1866,37.300000000000004,2105
1867,37.32,2107
1868,37.34,2107
1869,37.36,2106
1870,37.38,2101
1871,37.4,2094
1872,37.42,2084
1873,37.44,2072
1874,37.46,2054
1875,37.480000000000004,2031
1876,37.5,2003
1877,37.52,1974
1878,37.54,1942
1879,37.56,1910
1880,37.58,1879
1881,37.6,1847
1882,37.62,1813
1883,37.64,1778
1884,37.660000000000004,1743
1885,37.68,1709
1886,37.7,1678
1887,37.72,1648
1888,37.74,1620
1889,37.76,1592
1890,37.78,1567
1891,37.800000000000004,1543
1892,37.82,1520
1893,37.84,1500
1894,37.86,1482
1895,37.88,1464
1896,37.9,1447
1897,37.92,1429
1898,37.94,1410
1899,37.96,1389
1900,37.980000000000004,1366
1901,38.0,1343
1902,38.02,1322
1903,38.04,1302
1904,38.06,1284
1905,38.08,1266
1906,38.1,1249
1907,38.12,1231
1908,38.14,1212
1909,38.160000000000004,1194
1910,38.18,1177
1911,38.2,1162
1912,38.22,1148
1913,38.24,1136
1914,38.26,1123
1915,38.28,1110
1916,38.300000000000004,1096
1917,38.32,1082
1918,38.34,1068
1919,38.36,1057
1920,38.38,1048
1921,38.4,1041
1922,38.42,1033
1923,38.44,1026
1924,38.46,1019
1925,38.480000000000004,1012
1926,38.5,1005
1927,38.52,998
1928,38.54,991
1929,38.56,983
1930,38.58,976
1931,38.6,968
1932,38.62,962
1933,38.64,956
1934,38.660000000000004,950
1935,38.68,944
1936,38.7,939
1937,38.72,933
1938,38.74,928
1939,38.76,923
1940,38.78,918
1941,38.800000000000004,913
1942,38.82,908
1943,38.84,903
1944,38.86,899
1945,38.88,894
1946,38.9,889
1947,38.92,883
1948,38.94,878
1949,38.96,872
1950,38.980000000000004,867
1951,39.0,862
1952,39.02,858
1953,39.04,854
1954,39.06,849
1955,39.08,843
1956,39.1,836
1957,39.12,828
1958,39.14,821
1959,39.160000000000004,814
1960,39.18,808
1961,39.2,804
1962,39.22,800
1963,39.24,796
1964,39.26,792
1965,39.28,789
1966,39.300000000000004,785
1967,39.32,780
1968,39.34,775
1969,39.36,769
1970,39.38,763
1971,39.4,758
1972,39.42,752
1973,39.44,747
1974,39.46,742
1975,39.480000000000004,738
1976,39.5,734
1977,39.52,729
1978,39.54,724
1979,39.56,718
1980,39.58,712
1981,39.6,708
1982,39.62,704
1983,39.64,701
1984,39.660000000000004,700
1985,39.68,698
1986,39.7,696
1987,39.72,694
1988,39.74,691
1989,39.76,689
1990,39.78,686
1991,39.800000000000004,685
1992,39.82,685
1993,39.84,685
1994,39.86,686
1995,39.88,687
1996,39.9,688
1997,39.92,688
1998,39.94,688
1999,39.96,688
2000,39.980000000000004,686
2001,40.0,684
2002,40.02,681
2003,40.04,677
2004,40.06,674
2005,40.08,672
2006,40.1,670
2007,40.12,668
2008,40.14,666
2009,40.160000000000004,663
2010,40.18,660
2011,40.2,656
2012,40.22,652
2013,40.24,649
2014,40.26,645
2015,40.28,643
2016,40.300000000000004,640
2017,40.32,637
2018,40.34,634
2019,40.36,631
2020,40.38,627
2021,40.4,625
2022,40.42,622
2023,40.44,620
2024,40.46,618
2025,40.480000000000004,616
2026,40.5,614
2027,40.52,612
2028,40.54,610
2029,40.56,609
2030,40.58,607
2031,40.6,607
2032,40.62,605
2033,40.64,604
2034,40.660000000000004,602
2035,40.68,599
2036,40.7,595
2037,40.72,593
2038,40.74,590
2039,40.76,588
2040,40.78,586
2041,40.800000000000004,584
2042,40.82,582
2043,40.84,580
2044,40.86,578
2045,40.88,576
2046,40.9,573
2047,40.92,570
2048,40.94,566
2049,40.96,563
2050,40.980000000000004,560
2051,41.0,557
2052,41.02,555
2053,41.04,553
2054,41.06,551
2055,41.08,549
2056,41.1,548
2057,41.12,546
2058,41.14,545
2059,41.160000000000004,544
2060,41.18,544
2061,41.2,544
2062,41.22,545
2063,41.24,546
2064,41.26,546
2065,41.28,547
2066,41.300000000000004,548
2067,41.32,549
2068,41.34,552
2069,41.36,555
2070,41.38,557
2071,41.4,559
2072,41.42,560
2073,41.44,561
2074,41.46,562
2075,41.480000000000004,564
2076,41.5,567
2077,41.52,570
2078,41.54,573
2079,41.56,576
2080,41.58,580
2081,41.6,583
2082,41.62,587
2083,41.64,591
2084,41.660000000000004,595
2085,41.68,598
2086,41.7,602
2087,41.72,605
2088,41.74,609
2089,41.76,613
2090,41.78,618
2091,41.800000000000004,624
2092,41.82,631
2093,41.84,637
2094,41.86,643
2095,41.88,647
2096,41.9,651
2097,41.92,655
2098,41.94,659
2099,41.96,664
2100,41.980000000000004,669
2101,42.0,675
2102,42.02,681
2103,42.04,687
2104,42.06,692
2105,42.08,697
2106,42.1,702
2107,42.12,706
2108,42.14,710
2109,42.160000000000004,713
2110,42.18,717
2111,42.2,721
2112,42.22,726
2113,42.24,732
2114,42.26,739
2115,42.28,746
2116,42.300000000000004,754
2117,42.32,761
2118,42.34,768
2119,42.36,776
2120,42.38,783
2121,42.4,789
2122,42.42,796
2123,42.44,802
2124,42.46,809
2125,42.480000000000004,816
2126,42.5,823
2127,42.52,831
2128,42.54,839
2129,42.56,846
2130,42.58,854
2131,42.6,862
2132,42.62,869
2133,42.64,875
2134,42.660000000000004,882
2135,42.68,889
2136,42.7,895
2137,42.72,902
2138,42.74,908
2139,42.76,914
2140,42.78,920
2141,42.800000000000004,925
2142,42.82,930
2143,42.84,936
2144,42.86,942
2145,42.88,950
2146,42.9,958
2147,42.92,967
2148,42.94,975
2149,42.96,982
2150,42.980000000000004,987
2151,43.0,991
2152,43.02,995
2153,43.04,997
2154,43.06,1001
2155,43.08,1006
2156,43.1,1012
2157,43.12,1018
2158,43.14,1024
2159,43.160000000000004,1031
2160,43.18,1039
2161,43.2,1046
2162,43.22,1054
2163,43.24,1062
2164,43.26,1071
2165,43.28,1081
2166,43.300000000000004,1091
2167,43.32,1100
2168,43.34,1110
2169,43.36,1120
2170,43.38,1130
2171,43.4,1140
2172,43.42,1151
2173,43.44,1162
2174,43.46,1175
2175,43.480000000000004,1190
2176,43.5,1204
2177,43.52,1218
2178,43.54,1232
2179,43.56,1244
2180,43.58,1253
2181,43.6,1262
2182,43.62,1272
2183,43.64,1281
2184,43.660000000000004,1291
2185,43.68,1302
2186,43.7,1313
2187,43.72,1324
2188,43.74,1334
2189,43.76,1344
2190,43.78,1354
2191,43.800000000000004,1363
2192,43.82,1372
2193,43.84,1381
2194,43.86,1390
2195,43.88,1399
2196,43.9,1408
2197,43.92,1417
2198,43.94,1425
2199,43.96,1432
2200,43.980000000000004,1438
2201,44.0,1443
2202,44.02,1447
2203,44.04,1452
2204,44.06,1457
2205,44.08,1463
2206,44.1,1470
2207,44.12,1477
2208,44.14,1484
2209,44.160000000000004,1491
2210,44.18,1497
2211,44.2,1502
2212,44.22,1507
2213,44.24,1514
2214,44.26,1521
2215,44.28,1530
2216,44.300000000000004,1539
2217,44.32,1548
2218,44.34,1557
2219,44.36,1566
2220,44.38,1576
2221,44.4,1586
2222,44.42,1595
2223,44.44,1603
2224,44.46,1610
2225,44.480000000000004,1614
2226,44.5,1619
2227,44.52,1624
2228,44.54,1629
2229,44.56,1635
2230,44.58,1640
2231,44.6,1643
2232,44.62,1642
2233,44.64,1638
2234,44.660000000000004,1629
2235,44.68,1616
2236,44.7,1600
2237,44.72,1583
2238,44.74,1565
2239,44.76,1549
2240,44.78,1537
2241,44.800000000000004,1527
2242,44.82,1517
2243,44.84,1507
2244,44.86,1495
2245,44.88,1479
2246,44.9,1461
2247,44.92,1442
2248,44.94,1423
2249,44.96,1405
2250,44.980000000000004,1387
2251,45.0,1370
2252,45.02,1352
2253,45.04,1333
2254,45.06,1314
2255,45.08,1295
2256,45.1,1278
2257,45.12,1262
2258,45.14,1248
2259,45.160000000000004,1235
2260,45.18,1222
2261,45.2,1208
2262,45.22,1193
2263,45.24,1179
2264,45.26,1165
2265,45.28,1152
2266,45.300000000000004,1139
2267,45.32,1127
2268,45.34,1114
2269,45.36,1100
2270,45.38,1087
2271,45.4,1075
2272,45.42,1063
2273,45.44,1051
2274,45.46,1040
2275,45.480000000000004,1029
2276,45.5,1017
2277,45.52,1006
2278,45.54,995
2279,45.56,985
2280,45.58,976
2281,45.6,967
2282,45.62,958
2283,45.64,950
2284,45.660000000000004,943
2285,45.68,937
2286,45.7,932
2287,45.72,926
2288,45.74,920
2289,45.76,913
2290,45.78,906
2291,45.800000000000004,900
2292,45.82,894
2293,45.84,888
2294,45.86,882
2295,45.88,876
2296,45.9,871
2297,45.92,865
2298,45.94,859
2299,45.96,853
2300,45.980000000000004,847
2301,46.0,841
2302,46.02,835
2303,46.04,831
2304,46.06,827
2305,46.08,823
2306,46.1,820
2307,46.12,814
2308,46.14,808
2309,46.160000000000004,800
2310,46.18,792
2311,46.2,786
2312,46.22,780
2313,46.24,776
2314,46.26,772
2315,46.28,768
2316,46.300000000000004,764
2317,46.32,760
2318,46.34,755
2319,46.36,751
2320,46.38,745
2321,46.4,739
2322,46.42,731
2323,46.44,723
2324,46.46,715
2325,46.480000000000004,707
2326,46.5,698
2327,46.52,690
2328,46.54,682
2329,46.56,673
2330,46.58,664
2331,46.6,655
2332,46.62,646
2333,46.64,638
2334,46.660000000000004,630
2335,46.68,623
2336,46.7,617
2337,46.72,611
2338,46.74,605
2339,46.76,600
2340,46.78,596
2341,46.800000000000004,591
2342,46.82,586
2343,46.84,580
2344,46.86,574
2345,46.88,567
2346,46.9,560
2347,46.92,553
2348,46.94,545
2349,46.96,539
2350,46.980000000000004,534
2351,47.0,529
2352,47.02,525
2353,47.04,521
2354,47.06,518
2355,47.08,514
2356,47.1,510
2357,47.12,507
2358,47.14,503
2359,47.160000000000004,500
2360,47.18,497
2361,47.2,495
2362,47.22,493
2363,47.24,491
2364,47.26,489
2365,47.28,487
2366,47.300000000000004,485
2367,47.32,483
2368,47.34,481
2369,47.36,480
2370,47.38,478
2371,47.4,478
2372,47.42,477
2373,47.44,476
2374,47.46,475
2375,47.480000000000004,474
2376,47.5,473
2377,47.52,472
2378,47.54,471
2379,47.56,470
2380,47.58,468
2381,47.6,466
2382,47.62,463
2383,47.64,461
2384,47.660000000000004,459
2385,47.68,458
2386,47.7,456
2387,47.72,455
2388,47.74,454
2389,47.76,453
2390,47.78,453
2391,47.800000000000004,452
2392,47.82,451
2393,47.84,450
2394,47.86,449
2395,47.88,448
2396,47.9,448
2397,47.92,448
2398,47.94,448
2399,47.96,448
2400,47.980000000000004,447
2401,48.0,447
2402,48.02,447
2403,48.04,447
2404,48.06,447
2405,48.08,447
2406,48.1,448
2407,48.120000000000005,449
2408,48.14,450
2409,48.160000000000004,451
2410,48.18,453
2411,48.2,455
2412,48.22,457
2413,48.24,460
2414,48.26,464
2415,48.28,467
2416,48.300000000000004,471
2417,48.32,474
2418,48.34,477
2419,48.36,479
2420,48.38,481
2421,48.4,484
2422,48.42,486
2423,48.44,489
2424,48.46,492
2425,48.480000000000004,495
2426,48.5,498
2427,48.52,502
2428,48.54,507
2429,48.56,513
2430,48.58,520
2431,48.6,527
2432,48.620000000000005,533
2433,48.64,540
2434,48.660000000000004,545
2435,48.68,550
2436,48.7,556
2437,48.72,561
2438,48.74,567
2439,48.76,574
2440,48.78,582
2441,48.800000000000004,591
2442,48.82,600
2443,48.84,610
2444,48.86,619
2445,48.88,628
2446,48.9,636
2447,48.92,645
2448,48.94,654
2449,48.96,663
2450,48.980000000000004,673
2451,49.0,683
2452,49.02,694
2453,49.04,705
2454,49.06,714
2455,49.08,724
2456,49.1,733
2457,49.120000000000005,743
2458,49.14,752
2459,49.160000000000004,762
2460,49.18,771
2461,49.2,780
2462,49.22,789
2463,49.24,797
2464,49.26,806
2465,49.28,813
2466,49.300000000000004,821
2467,49.32,829
2468,49.34,836
2469,49.36,845
2470,49.38,854
2471,49.4,863
2472,49.42,872
2473,49.44,881
2474,49.46,889
2475,49.480000000000004,897
2476,49.5,906
2477,49.52,914
2478,49.54,923
2479,49.56,931
2480,49.58,940
2481,49.6,949
2482,49.620000000000005,958
2483,49.64,968
2484,49.660000000000004,977
2485,49.68,987
2486,49.7,997
2487,49.72,1007
2488,49.74,1016
2489,49.76,1025
2490,49.78,1033
2491,49.800000000000004,1041
2492,49.82,1049
2493,49.84,1056
2494,49.86,1063
2495,49.88,1071
2496,49.9,1078
2497,49.92,1085
2498,49.94,1092
2499,49.96,1099
2500,49.980000000000004,1106
2501,50.0,1114
2502,50.02,1123
2503,50.04,1132
2504,50.06,1141
2505,50.08,1150
2506,50.1,1159
2507,50.120000000000005,1168
2508,50.14,1176
2509,50.160000000000004,1184
2510,50.18,1193
2511,50.2,1202
2512,50.22,1211
2513,50.24,1221
2514,50.26,1231
2515,50.28,1241
2516,50.300000000000004,1250
2517,50.32,1259
2518,50.34,1269
2519,50.36,1278
2520,50.38,1287
2521,50.4,1296
2522,50.42,1306
2523,50.44,1314
2524,50.46,1322
2525,50.480000000000004,1330
2526,50.5,1337
2527,50.52,1344
2528,50.54,1352
2529,50.56,1361
2530,50.58,1370
2531,50.6,1380
2532,50.620000000000005,1388
2533,50.64,1397
2534,50.660000000000004,1405
2535,50.68,1413
2536,50.7,1421
2537,50.72,1431
2538,50.74,1441
2539,50.76,1452
2540,50.78,1463
2541,50.800000000000004,1475
2542,50.82,1488
2543,50.84,1502
2544,50.86,1517
2545,50.88,1533
2546,50.9,1550
2547,50.92,1568
2548,50.94,1586
2549,50.96,1602
2550,50.980000000000004,1617
2551,51.0,1633
2552,51.02,1650
2553,51.04,1667
2554,51.06,1684
2555,51.08,1700
2556,51.1,1714
2557,51.120000000000005,1725
2558,51.14,1735
2559,51.160000000000004,1743
2560,51.18,1752
2561,51.2,1760
2562,51.22,1770
2563,51.24,1781
2564,51.26,1793
2565,51.28,1804
2566,51.300000000000004,1816
2567,51.32,1826
2568,51.34,1837
2569,51.36,1847
2570,51.38,1859
2571,51.4,1869
2572,51.42,1880
2573,51.44,1892
2574,51.46,1904
2575,51.480000000000004,1918
2576,51.5,1934
2577,51.52,1950
2578,51.54,1967
2579,51.56,1984
2580,51.58,1998
2581,51.6,2013
2582,51.620000000000005,2026
2583,51.64,2037
2584,51.660000000000004,2048
2585,51.68,2057
2586,51.7,2064
2587,51.72,2071
2588,51.74,2078
2589,51.76,2085
2590,51.78,2093
2591,51.800000000000004,2101
2592,51.82,2108
2593,51.84,2113
2594,51.86,2116
2595,51.88,2117
2596,51.9,2116
2597,51.92,2116
2598,51.94,2115
2599,51.96,2114
2600,51.980000000000004,2113
2601,52.0,2111
2602,52.02,2109
2603,52.04,2107
2604,52.06,2104
2605,52.08,2101
2606,52.1,2099
2607,52.120000000000005,2096
2608,52.14,2091
2609,52.160000000000004,2084
2610,52.18,2073
2611,52.2,2060
2612,52.22,2045
2613,52.24,2028
2614,52.26,2009
2615,52.28,1990
2616,52.300000000000004,1970
2617,52.32,1949
2618,52.34,1927
2619,52.36,1904
2620,52.38,1879
2621,52.4,1851
2622,52.42,1820
2623,52.44,1787
2624,52.46,1755
2625,52.480000000000004,1723
2626,52.5,1694
2627,52.52,1665
2628,52.54,1636
2629,52.56,1608
2630,52.58,1580
2631,52.6,1554
2632,52.620000000000005,1531
2633,52.64,1512
2634,52.660000000000004,1496
2635,52.68,1481
2636,52.7,1466
2637,52.72,1453
2638,52.74,1439
2639,52.76,1427
2640,52.78,1414
2641,52.800000000000004,1403
2642,52.82,1391
2643,52.84,1381
2644,52.86,1370
2645,52.88,1360
2646,52.9,1349
2647,52.92,1338
2648,52.94,1327
2649,52.96,1317
2650,52.980000000000004,1308
2651,53.0,1300
2652,53.02,1291
2653,53.04,1281
2654,53.06,1270
2655,53.08,1258
2656,53.1,1247
2657,53.120000000000005,1236
2658,53.14,1227
2659,53.160000000000004,1218
2660,53.18,1211
2661,53.2,1202
2662,53.22,1193
2663,53.24,1184
2664,53.26,1174
2665,53.28,1163
2666,53.300000000000004,1152
2667,53.32,1142
2668,53.34,1133
2669,53.36,1126
2670,53.38,1120
2671,53.4,1114
2672,53.42,1108
2673,53.44,1101
2674,53.46,1095
2675,53.480000000000004,1088
2676,53.5,1081
2677,53.52,1074
2678,53.54,1067
2679,53.56,1061
2680,53.58,1053
2681,53.6,1046
2682,53.620000000000005,1039
2683,53.64,1033
2684,53.660000000000004,1027
2685,53.68,1021
2686,53.7,1014
2687,53.72,1007
2688,53.74,998
2689,53.76,990
2690,53.78,982
2691,53.800000000000004,975
2692,53.82,969
2693,53.84,961
2694,53.86,954
2695,53.88,945
2696,53.9,937
2697,53.92,928
2698,53.94,921
2699,53.96,915
2700,53.980000000000004,909
2701,54.0,902
2702,54.02,895
2703,54.04,887
2704,54.06,878
2705,54.08,870
2706,54.1,863
2707,54.120000000000005,856
2708,54.14,850
2709,54.160000000000004,844
2710,54.18,839
2711,54.2,835
2712,54.22,832
2713,54.24,828
2714,54.26,824
2715,54.28,819
2716,54.300000000000004,812
2717,54.32,806
2718,54.34,799
2719,54.36,793
2720,54.38,788
2721,54.4,783
2722,54.42,778
2723,54.44,773
2724,54.46,767
2725,54.480000000000004,761
2726,54.5,753
2727,54.52,745
2728,54.54,737
2729,54.56,729
2730,54.58,722
2731,54.6,715
2732,54.620000000000005,709
2733,54.64,704
2734,54.660000000000004,698
2735,54.68,692
2736,54.7,686
2737,54.72,679
2738,54.74,674
2739,54.76,668
2740,54.78,661
2741,54.800000000000004,654
2742,54.82,647
2743,54.84,640
2744,54.86,632
2745,54.88,626
2746,54.9,620
2747,54.92,615
2748,54.94,610
2749,54.96,605
2750,54.980000000000004,601
2751,55.0,596
2752,55.02,590
2753,55.04,585
2754,55.06,580
2755,55.08,575
2756,55.1,571
2757,55.120000000000005,566
2758,55.14,561
2759,55.160000000000004,557
2760,55.18,552
2761,55.2,548
2762,55.22,543
2763,55.24,539
2764,55.26,535
2765,55.28,531
2766,55.300000000000004,526
2767,55.32,522
2768,55.34,517
2769,55.36,512
2770,55.38,507
2771,55.4,503
2772,55.42,499
2773,55.44,495
2774,55.46,492
2775,55.480000000000004,489
2776,55.5,485
2777,55.52,482
2778,55.54,479
2779,55.56,476
2780,55.58,472
2781,55.6,468
2782,55.620000000000005,465
2783,55.64,461
2784,55.660000000000004,458
2785,55.68,455
2786,55.7,452
2787,55.72,449
2788,55.74,447
2789,55.76,445
2790,55.78,443
2791,55.800000000000004,441
2792,55.82,438
2793,55.84,436
2794,55.86,434
2795,55.88,432
2796,55.9,431
2797,55.92,431
2798,55.94,431
2799,55.96,432
2800,55.980000000000004,432
2801,56.0,433
2802,56.02,434
2803,56.04,434
2804,56.06,434
2805,56.08,433
2806,56.1,433
2807,56.120000000000005,433
2808,56.14,433
2809,56.160000000000004,434
2810,56.18,434
2811,56.2,434
2812,56.22,434
2813,56.24,433
2814,56.26,433
2815,56.28,433
2816,56.300000000000004,432
2817,56.32,431
2818,56.34,430
2819,56.36,428
2820,56.38,427
2821,56.4,427
2822,56.42,427
2823,56.44,428
2824,56.46,429
2825,56.480000000000004,431
2826,56.5,433
2827,56.52,436
2828,56.54,438
2829,56.56,441
2830,56.58,444
2831,56.6,447
2832,56.620000000000005,451
2833,56.64,455
2834,56.660000000000004,459
2835,56.68,464
2836,56.7,469
2837,56.72,474
2838,56.74,479
2839,56.76,484
2840,56.78,488
2841,56.800000000000004,492
2842,56.82,496
2843,56.84,501
2844,56.86,507
2845,56.88,513
2846,56.9,521
2847,56.92,528
2848,56.94,535
2849,56.96,542
2850,56.980000000000004,549
2851,57.0,556
2852,57.02,564
2853,57.04,572
2854,57.06,581
2855,57.08,589
2856,57.1,598
2857,57.120000000000005,607
2858,57.14,616
2859,57.160000000000004,625
2860,57.18,635
2861,57.2,646
2862,57.22,657
2863,57.24,669
2864,57.26,681
2865,57.28,692
2866,57.300000000000004,702
2867,57.32,710
2868,57.34,718
2869,57.36,723
2870,57.38,729
2871,57.4,734
2872,57.42,738
2873,57.44,743
2874,57.46,747
2875,57.480000000000004,751
2876,57.5,755
2877,57.52,759
2878,57.54,763
2879,57.56,767
2880,57.58,771
2881,57.6,776
2882,57.620000000000005,781
2883,57.64,786
2884,57.660000000000004,791
2885,57.68,797
2886,57.7,803
2887,57.72,808
2888,57.74,812
2889,57.76,815
2890,57.78,818
2891,57.800000000000004,822
2892,57.82,827
2893,57.84,833
2894,57.86,841
2895,57.88,850
2896,57.9,860
2897,57.92,870
2898,57.94,881
2899,57.96,892
2900,57.980000000000004,903
2901,58.0,913
2902,58.02,923
2903,58.04,931
2904,58.06,939
2905,58.08,947
2906,58.1,954
2907,58.120000000000005,961
2908,58.14,968
2909,58.160000000000004,973
2910,58.18,979
2911,58.2,984
2912,58.22,989
2913,58.24,995
2914,58.26,1001
2915,58.28,1007
2916,58.300000000000004,1013
2917,58.32,1019
2918,58.34,1026
2919,58.36,1034
2920,58.38,1042
2921,58.4,1051
2922,58.42,1060
2923,58.44,1068
2924,58.46,1075
2925,58.480000000000004,1081
2926,58.5,1088
2927,58.52,1095
2928,58.54,1105
2929,58.56,1116
2930,58.58,1128
2931,58.6,1140
2932,58.620000000000005,1152
2933,58.64,1164
2934,58.660000000000004,1174
2935,58.68,1184
2936,58.7,1194
2937,58.72,1204
2938,58.74,1212
2939,58.76,1220
2940,58.78,1228
2941,58.800000000000004,1236
2942,58.82,1243
2943,58.84,1250
2944,58.86,1257
2945,58.88,1264
2946,58.9,1272
2947,58.92,1279
2948,58.94,1287
2949,58.96,1294
2950,58.980000000000004,1300
2951,59.0,1306
2952,59.02,1313
2953,59.04,1320
2954,59.06,1328
2955,59.08,1337
2956,59.1,1347
2957,59.120000000000005,1355
2958,59.14,1364
2959,59.160000000000004,1372
2960,59.18,1380
2961,59.2,1388
2962,59.22,1397
2963,59.24,1406
2964,59.26,1417
2965,59.28,1428
2966,59.300000000000004,1438
2967,59.32,1448
2968,59.34,1459
2969,59.36,1467
2970,59.38,1475
2971,59.4,1481
2972,59.42,1487
2973,59.44,1492
2974,59.46,1499
2975,59.480000000000004,1508
2976,59.5,1517
2977,59.52,1527
2978,59.54,1537
2979,59.56,1546
2980,59.58,1553
2981,59.6,1558
2982,59.620000000000005,1563
2983,59.64,1567
2984,59.660000000000004,1573
2985,59.68,1580
2986,59.7,1587
2987,59.72,1594
2988,59.74,1599
2989,59.76,1602
2990,59.78,1604
2991,59.800000000000004,1606
2992,59.82,1609
2993,59.84,1613
2994,59.86,1619
2995,59.88,1627
2996,59.9,1636
2997,59.92,1647
2998,59.94,1659
2999,59.96,1672
3000,59.980000000000004,1685
3001,60.0,1700
